{"cameraMode":{"drawMode":0,"name":"Shaded","section":"Shading Mode"},"sceneLighting":true,"audioPlay":false,"sceneViewState":{"m_AlwaysRefresh":false,"showFog":true,"showSkybox":true,"showFlares":true,"showImageEffects":true,"showParticleSystems":true,"showVisualEffectGraphs":true,"m_FxEnabled":true},"in2DMode":false,"pivot":{"x":7.736562728881836,"y":9.320326805114746,"z":-4.053141117095947},"rotation":{"x":0.3384021818637848,"y":0.012990638613700867,"z":-0.0036769378930330278,"w":0.9406840205192566},"size":1.5430419445037842,"orthographic":false}