{"cameraMode":{"drawMode":0,"name":"Shaded","section":"Shading Mode"},"sceneLighting":true,"audioPlay":false,"sceneViewState":{"m_AlwaysRefresh":false,"showFog":true,"showSkybox":true,"showFlares":true,"showImageEffects":true,"showParticleSystems":true,"showVisualEffectGraphs":true,"m_FxEnabled":true},"in2DMode":false,"pivot":{"x":40.37935256958008,"y":5.252256393432617,"z":-16.484485626220704},"rotation":{"x":0.07369861006736756,"y":-0.03440379351377487,"z":0.0025439001619815828,"w":0.9966832995414734},"size":7.716783046722412,"orthographic":false}