{"cameraMode":{"drawMode":0,"name":"Shaded","section":"Shading Mode"},"sceneLighting":true,"audioPlay":false,"sceneViewState":{"m_AlwaysRefresh":false,"showFog":true,"showSkybox":true,"showFlares":true,"showImageEffects":true,"showParticleSystems":true,"showVisualEffectGraphs":true,"m_FxEnabled":true},"in2DMode":false,"pivot":{"x":560.4625244140625,"y":177.5332489013672,"z":-515.8310546875},"rotation":{"x":-0.010184199549257756,"y":0.034486617892980579,"z":0.0003514550917316228,"w":0.9993525147438049},"size":16.130138397216798,"orthographic":false}