{"cameraMode":{"drawMode":0,"name":"Shaded","section":"Shading Mode"},"sceneLighting":true,"audioPlay":false,"sceneViewState":{"m_AlwaysRefresh":false,"showFog":true,"showSkybox":true,"showFlares":true,"showImageEffects":true,"showParticleSystems":true,"showVisualEffectGraphs":true,"m_FxEnabled":true},"in2DMode":false,"pivot":{"x":-1.7106130123138428,"y":13.997835159301758,"z":21.263837814331056},"rotation":{"x":-0.0016234293580055237,"y":0.9923184514045715,"z":-0.1229863092303276,"w":-0.013098503462970257},"size":10.854042053222657,"orthographic":false}