{"cameraMode":{"drawMode":0,"name":"Shaded","section":"Shading Mode"},"sceneLighting":false,"audioPlay":false,"sceneViewState":{"m_AlwaysRefresh":false,"showFog":true,"showSkybox":false,"showFlares":true,"showImageEffects":true,"showParticleSystems":true,"showVisualEffectGraphs":true,"m_FxEnabled":true},"in2DMode":false,"pivot":{"x":6.940498352050781,"y":2.2707345485687258,"z":-2.729051351547241},"rotation":{"x":0.2750992178916931,"y":0.062072187662124637,"z":-0.01721719279885292,"w":0.9590330123901367},"size":0.4330126941204071,"orthographic":false}